{"cameraMode":{"drawMode":0,"name":"Shaded","section":"Shading Mode"},"sceneLighting":false,"audioPlay":false,"sceneViewState":{"m_AlwaysRefresh":false,"showFog":true,"showSkybox":true,"showFlares":true,"showImageEffects":true,"showParticleSystems":true,"showVisualEffectGraphs":true,"m_FxEnabled":true},"in2DMode":false,"pivot":{"x":-1.0683026313781739,"y":14.345844268798829,"z":154.7250213623047},"rotation":{"x":0.03893612325191498,"y":0.05243588238954544,"z":-0.0020460125524550678,"w":0.9978632926940918},"size":1.8047317266464234,"orthographic":false}