{"cameraMode":{"drawMode":0,"name":"Shaded","section":"Shading Mode"},"sceneLighting":false,"audioPlay":false,"sceneViewState":{"m_AlwaysRefresh":false,"showFog":true,"showSkybox":false,"showFlares":true,"showImageEffects":true,"showParticleSystems":true,"showVisualEffectGraphs":true,"m_FxEnabled":true},"in2DMode":false,"pivot":{"x":0.9128156900405884,"y":0.4277999997138977,"z":1.250984787940979},"rotation":{"x":-0.046786900609731677,"y":-0.017382174730300905,"z":0.0008613066165708005,"w":-0.9987988471984863},"size":0.2949262261390686,"orthographic":false}