{"cameraMode":{"drawMode":0,"name":"Shaded","section":"Shading Mode"},"sceneLighting":false,"audioPlay":false,"sceneViewState":{"m_AlwaysRefresh":false,"showFog":true,"showSkybox":false,"showFlares":true,"showImageEffects":true,"showParticleSystems":true,"showVisualEffectGraphs":true,"m_FxEnabled":true},"in2DMode":false,"pivot":{"x":0.048422835767269137,"y":-0.013983793556690216,"z":0.0010847218800336123},"rotation":{"x":0.01380061637610197,"y":0.03299181908369064,"z":-0.000515767140313983,"w":0.9994316101074219},"size":0.0651065856218338,"orthographic":false}